Genre,Channel,Title,Views,Likes,Comments,Duration_Sec,Publish_Date
Science,Veritasium,What we learned from the 3-body problem,3832961,107377,5818,2153.0,2026-01-29T22:20:55Z
Science,Veritasium,How They Prevented The Citicorp Disaster,3420324,104227,1706,89.0,2026-01-22T14:01:23Z
Science,Veritasium,Filming Light at 1 Trillion FPS,6676671,156592,5614,1809.0,2026-01-19T18:53:55Z
Science,Veritasium,What happens if you cut the green rope?,27781273,394971,4315,67.0,2026-01-15T14:01:26Z
Science,Veritasium,You're Only 6 Steps Away From Anyone On Earth,3313692,102055,1210,74.0,2026-01-09T14:01:13Z
Science,Veritasium,The World's Most Important Machine,18755803,546870,24445,3300.0,2025-12-31T15:37:33Z
Science,Veritasium,The Future of Veritasium,4566133,406445,30588,1055.0,2025-12-24T14:29:28Z
Science,Veritasium,There Is Something Faster Than Light,10694035,244850,23322,2656.0,2025-12-19T06:03:02Z
Science,Veritasium,What is this strange pattern down the east coast of America?,1266145,44946,838,124.0,2025-12-11T14:01:33Z
Science,Veritasium,The Man Who Accidentally Discovered Antimatter,7141692,215459,11263,2123.0,2025-12-05T09:47:19Z
Science,Veritasium,I Turned My Phone Into A Microscope,1205339,42735,848,102.0,2025-11-27T15:04:19Z
Science,Veritasium,You've (Likely) Been Playing The Game of Life Wrong,8015299,206463,9575,2713.0,2025-11-26T21:45:00Z
Science,Veritasium,How Strong Is Super Glue?,2680369,51881,454,44.0,2025-11-21T14:47:27Z
Science,Veritasium,Why don't jet engines melt?,9796449,231419,10657,2374.0,2025-11-17T07:58:31Z
Science,Veritasium,Why People Are So Confident When They're Wrong,5404819,172754,11359,1442.0,2025-11-12T23:24:30Z
Science,Veritasium,Seeing Inside A Thermite Reaction,6199193,280318,3857,153.0,2025-11-10T14:07:17Z
Science,Veritasium,The Most Controversial Idea in Biology,7034268,227885,18911,1730.0,2025-10-31T22:42:09Z
Science,Veritasium,Why didn't this skateboard stunt start from the top?,2317000,40766,812,79.0,2025-10-29T16:03:24Z
Science,Veritasium,How To Solve a Quadratic Equation,4279081,141881,1769,154.0,2025-10-26T13:32:19Z
Science,Veritasium,How To See Atoms,8868325,228129,2110,64.0,2025-10-17T13:00:04Z
Science,Veritasium,Renting A Helicopter To Settle A Physics Debate,10055021,287925,6909,94.0,2025-10-09T14:01:34Z
Science,Veritasium,Something Strange Happens When You Trace How Connected We Are,9686547,265857,13205,1997.0,2025-09-30T22:00:54Z
Science,Veritasium,Alfred Nobel: The Man Who Fooled The World,9414522,205050,10894,2769.0,2025-09-21T14:13:30Z
Science,Veritasium,How to solve any maze,8496734,373926,2363,176.0,2025-09-18T13:00:02Z
Science,Veritasium,What Happens When You Spin a Football?,1958878,26521,681,118.0,2025-09-14T13:00:10Z
Science,Veritasium,The Most Dangerous Escalator in the World,12226087,297756,14351,1338.0,2025-09-11T14:22:52Z
Science,Veritasium,Exposing Why Farmers Can't Legally Replant Their Own Seeds,18710120,488045,39500,2819.0,2025-08-31T19:24:31Z
Science,Veritasium,How aerogel can make the ocean drinkable,4723140,305126,3701,163.0,2025-08-28T13:01:05Z
Science,Veritasium,This is the natural disaster to worry about,8154608,187877,11627,2467.0,2025-08-22T17:11:23Z
Science,Veritasium,Can you swim in shade balls?,45758635,1802355,19764,148.0,2025-08-19T08:35:20Z
Science,Veritasium,Testing the US Military’s worst idea,20460250,575977,12288,60.0,2025-08-14T13:00:01Z
Science,Veritasium,The Perfect Battery Material Is Dangerous,11412399,214576,8920,2082.0,2025-08-07T15:02:44Z
Science,Veritasium,The blue LED was almost impossible to make,8095324,317576,2273,103.0,2025-08-02T13:09:26Z
Science,Veritasium,The Strange Math That Predicts (Almost) Anything,10712081,257614,9124,1952.0,2025-07-25T22:07:23Z
Science,Veritasium,Why do all animals jump to about the same height?,12271616,525708,6320,99.0,2025-07-24T13:31:58Z
Science,Veritasium,Why did light bulb lifetimes get shorter?,6542772,210959,7322,96.0,2025-07-17T18:56:42Z
Science,Veritasium,This mechanism shrinks when pulled,11120246,251460,10735,1387.0,2025-06-30T18:02:42Z
Science,Veritasium,There are 96 million black balls on this lake,8385926,225736,4765,67.0,2025-06-24T16:40:05Z
Science,Veritasium,The Obviously True Theorem No One Can Prove,8108335,168989,10672,2554.0,2025-06-20T13:01:46Z
Science,Veritasium,The Biggest Misconception in Football (ft. Tom Brady),8334755,180584,9542,1637.0,2025-06-01T05:31:02Z
Science,Veritasium,Why do planes fly so high?,10635051,293306,2681,64.0,2025-05-21T14:31:31Z
Science,Veritasium,How One Company Secretly Poisoned The Planet,31277510,731936,45196,3248.0,2025-05-14T14:07:28Z
Science,Veritasium,How a Student's Question Saved This NYC Skyscraper,23190584,406346,20957,2019.0,2025-04-26T20:07:58Z
Science,Veritasium,Why we put spiders on soccer balls,31466296,0,21485,62.0,2025-04-22T16:41:43Z
Science,Veritasium,The Biggest Misconception in Physics,12231718,280287,15510,1660.0,2025-04-14T16:31:04Z
Science,Veritasium,Can you solve this SAT question?,10394356,170769,5143,93.0,2025-04-08T16:59:15Z
Science,Veritasium,The Man Who Almost Broke Math (And Himself...) - Axiom of Choice,13020011,275492,19031,1981.0,2025-04-02T10:31:01Z
Science,Veritasium,Can you solve the prisoner's riddle?,7735288,212857,2942,102.0,2025-03-24T15:46:32Z
Science,Veritasium,"How this helicopter survived 1004 days on Mars, then disappeared...",10117213,179803,8986,1748.0,2025-03-20T22:41:55Z
Science,Veritasium,Something Strange Happens When You Trust Quantum Mechanics,17127010,379794,22075,1981.0,2025-03-05T02:22:56Z
Science,Veritasium,The Blender Question Everyone Gets Wrong,9302672,220164,22086,1213.0,2025-02-18T16:03:35Z
Science,Veritasium,This Is The Perfect Bowling Strategy,2635727,105950,875,126.0,2025-02-14T16:49:48Z
Science,Veritasium,AlphaFold - The Most Useful Thing AI Has Ever Done,10322655,316922,12730,1492.0,2025-02-10T14:03:41Z
Science,Veritasium,Can you keep zooming in forever?,24452918,399341,13033,1289.0,2025-02-05T15:02:34Z
Science,Veritasium,Why Super Glue Is Perfect For Gluing Skin,14745704,266163,8599,1580.0,2025-01-28T19:17:22Z
Science,Veritasium,Why Is MIT Making Robot Insects?,8512393,138626,5591,1276.0,2025-01-21T16:58:06Z
Science,Veritasium,Why Don’t Railroads Need Expansion Joints?,9402871,191286,5955,1640.0,2025-01-01T07:00:06Z
Science,Veritasium,The Man Who Took LSD and Changed The World,9446607,244383,10727,2020.0,2024-12-26T14:11:09Z
Science,Veritasium,"This Is the Oldest, Weirdest Instrument On Earth",1963397,68578,2624,675.0,2024-12-19T18:40:28Z
Science,Veritasium,Explaining Pi With Pizza,19473153,1002149,14281,57.0,2024-12-11T15:00:36Z
Science,Veritasium,34 Years Of Strandbeest Evolution,9091372,178301,7588,1299.0,2024-12-07T00:58:14Z
Science,Veritasium,What They (Probably) Don't Teach You About Rainbows At School,9234532,245236,11936,1631.0,2024-12-01T11:19:12Z
Science,Veritasium,How Dishwashers Actually Work,1259221,42602,2412,112.0,2024-11-24T20:22:23Z
Science,Veritasium,What Actually Happened To Amelia Earhart?,13732784,244838,13443,2196.0,2024-11-20T18:27:03Z
Science,Veritasium,The BEST way to tie your shoelaces,5439935,195061,4930,60.0,2024-11-16T15:01:57Z
Science,Veritasium,The Most Important Material Ever Made,8601046,213676,10443,1343.0,2024-11-13T20:21:24Z
Science,Veritasium,"On These Math Problems, Smarter People Do Worse",5855014,220200,17036,875.0,2024-11-04T16:48:03Z
Science,Veritasium,The Closest We’ve Come to a Theory of Everything,16123646,364632,13820,1964.0,2024-10-29T12:09:04Z
Science,Veritasium,The real science of black holes,31931948,0,16520,58.0,2024-10-16T15:05:39Z
Science,Veritasium,We Might Find Alien Life In 1905 Days,13756865,296078,11095,1075.0,2024-10-11T18:25:50Z
Science,Veritasium,"People said this experiment was impossible, so I tried it - Thermite Part 1",9277426,230446,9422,2089.0,2024-10-05T17:27:38Z
Science,Veritasium,I built a QR code with my bare hands to see how it works,9191553,270518,11811,2113.0,2024-09-30T18:51:21Z
Science,Veritasium,Exposing The Flaw In Our Phone System,10427236,361452,14353,1915.0,2024-09-21T23:10:47Z
Science,Veritasium,What Everyone Gets Wrong About Planes,14679129,297381,10276,1129.0,2024-08-31T23:50:38Z
Science,Veritasium,Why Democracy Is Mathematically Impossible,8634080,299012,22593,1414.0,2024-08-27T21:04:56Z
Science,Veritasium,What Do You Hear?,7292637,367474,11721,60.0,2024-08-16T20:38:04Z
Science,Veritasium,These Illusions Fool Almost Everyone,5168574,156587,20414,1495.0,2024-08-14T17:05:19Z
Science,Veritasium,The Real Reason Robots Shouldn’t Look Like Humans | Supercut,5587893,95022,4349,5240.0,2024-07-31T18:55:46Z
Science,Veritasium,Why People Prefer More Pain,4705822,175303,8125,1023.0,2024-06-25T20:23:20Z
Science,Veritasium,What Jumping Spiders Teach Us About Color,4708571,142700,9120,1957.0,2024-05-30T19:24:55Z
Science,Veritasium,This phone trick is IMPOSSIBLE,7124622,195863,5726,25.0,2024-05-17T15:39:46Z
Science,Veritasium,The Terrifying Real Science Of Avalanches,4019392,113846,3315,1504.0,2024-05-03T16:12:18Z
Science,Veritasium,Something Strange Happens When You Follow Einstein's Math,32172568,558561,27159,2223.0,2024-04-30T06:16:58Z
Science,Veritasium,The most dangerous problem in math,16964310,694836,10843,60.0,2024-04-24T15:44:56Z
Science,Veritasium,How bikes *actually* work,15088981,661575,4431,60.0,2024-04-17T16:20:50Z
Science,Veritasium,"I call this the 'No, You Don't' Law",43558579,1811568,7839,58.0,2024-04-10T17:11:15Z
Science,Veritasium,Congress is about to make a huge mistake for astronomy #SaveChandra,21479217,1191865,37855,60.0,2024-04-04T20:28:58Z
Science,Veritasium,Why is this number everywhere?,11501910,297901,35388,1431.0,2024-03-28T18:48:10Z
Science,Veritasium,How Japanese Masters Turn Sand Into Swords,20606817,402226,11476,1527.0,2024-03-21T20:56:45Z
Science,Veritasium,I buried myself in concrete to explain how it works,6731405,210010,2197,59.0,2024-03-13T17:47:21Z
Science,Veritasium,The Oldest Unsolved Problem in Math,19748177,365415,21011,1893.0,2024-03-08T00:36:07Z
Science,Veritasium,The Trillion Dollar Equation,15983143,340707,10175,1882.0,2024-02-27T15:46:59Z
Science,Veritasium,World's strongest magnet!,17785975,697551,3884,55.0,2024-02-21T17:22:53Z
Science,Veritasium,Why It Was Almost Impossible to Make the Blue LED,46974555,1002950,33336,2025.0,2024-02-08T16:12:09Z
Science,Veritasium,I waterproofed myself with aerogel!,62470301,2599607,20505,59.0,2024-02-01T14:58:13Z
Science,Veritasium,The Rainiest Place On Earth,7942170,137268,3765,902.0,2024-01-26T17:50:45Z
Science,Veritasium,Do people understand the scale of the universe?,7144042,252239,43305,911.0,2024-01-15T21:02:07Z
Science,Veritasium,This game theory problem will change the way you see the world,22678903,775518,23934,1639.0,2023-12-23T17:00:08Z
Science,Veritasium,How To Earthquake-Proof A House,2334717,78787,2079,1143.0,2023-12-19T15:16:53Z
Science,Veritasium,The SAT Question Everyone Got Wrong,17367325,407564,23639,1105.0,2023-11-30T14:13:48Z
Science,Veritasium,The Surprising Genius of Sewing Machines,14394056,306215,7629,1123.0,2023-11-22T21:47:40Z
Science,Veritasium,What is the secret of a good life? Lessons from the longest study on happiness,6571643,219909,12368,1406.0,2023-11-15T22:36:01Z
Science,Veritasium,How Do Night Vision Goggles Work?,7786898,205353,6095,1636.0,2023-11-04T13:00:31Z
Science,Veritasium,The Problem With Science Communication,3451418,120889,4533,994.0,2023-10-31T23:00:20Z
Science,Veritasium,How One Line in the Oldest Math Text Hinted at Hidden Universes,16996190,324975,12996,1872.0,2023-10-21T16:31:35Z
Science,Veritasium,The Man Who Killed Millions and Saved Billions (Clean Version),10028846,181004,5163,1244.0,2023-10-07T17:45:44Z
Science,Veritasium,Pushing The Limits Of Extreme Breath-Holding,3869658,123513,4713,1119.0,2023-09-30T16:39:15Z
Science,Veritasium,How Humanity Almost Destroyed Itself,4451843,135918,4830,1006.0,2023-09-11T17:41:27Z
Science,Veritasium,The Insane Math Of Knot Theory,10154426,225847,9986,2121.0,2023-09-03T13:54:14Z
Science,Veritasium,Why Airships Might Make A Comeback,5063831,144082,12398,1287.0,2023-08-31T14:59:55Z
Science,Veritasium,The Problem With IQ Tests,11912804,309018,28730,2069.0,2023-08-03T16:49:08Z
Science,Veritasium,The Man Who Gave us the Power To Destroy Ourselves (Oppenheimer),18059012,451215,16349,1972.0,2023-07-18T23:28:16Z
Science,Veritasium,The Hidden Science of Fireworks,6850926,183242,5812,1871.0,2023-07-07T17:43:14Z
Science,Veritasium,The Most Misunderstood Concept in Physics,27714989,688568,26156,1635.0,2023-07-01T16:08:04Z
Science,Veritasium,I Vacuum Venom from the World's Deadliest Spider,2829160,96309,3289,541.0,2023-06-21T14:01:56Z
Science,Veritasium,What if you just keep squaring?,9767505,224486,12471,1986.0,2023-06-06T13:43:15Z
Science,Veritasium,The Fastest Maze-Solving Competition On Earth,23528928,398196,8155,1522.0,2023-05-24T17:39:57Z
Science,Veritasium,Why The First Computers Were Made Out Of Light Bulbs,7931492,239237,7706,1136.0,2023-05-13T14:06:52Z
Science,Veritasium,How NASA Reinvented The Wheel,17113326,255489,8094,1534.0,2023-04-29T15:48:36Z
Science,Veritasium,Can you float in concrete?,13688879,296507,11572,1443.0,2023-04-14T17:24:46Z
Science,Veritasium,The illusion only some can see,2748246,163677,1713,60.0,2023-04-02T01:41:19Z
Science,Veritasium,What makes quantum computers SO powerful?,12082694,350013,11302,1469.0,2023-03-20T18:42:22Z
Science,Veritasium,World's Strongest Magnet!,16003542,227183,7804,1385.0,2023-03-14T16:59:41Z
Science,Veritasium,The Damaged Chernobyl Reactor,8410574,419878,10105,60.0,2023-03-07T19:07:32Z
Science,Veritasium,Microwaving grapes makes plasma,1446543,63317,759,60.0,2023-02-25T17:39:47Z
Science,Veritasium,World's Roundest Object,23327878,807655,8631,34.0,2023-02-19T20:44:41Z
Science,Veritasium,The Most Controversial Problem in Philosophy,5709157,327775,32589,619.0,2023-02-11T17:58:50Z
Science,Veritasium,Raindrops aren't shaped like raindrops,14311204,734496,4140,50.0,2023-02-03T19:24:54Z
Science,Veritasium,The stickiest *non-sticky* material,9186080,326253,2823,23.0,2023-01-28T16:22:59Z
Science,Veritasium,The Stickiest *Non-Sticky* Substance,7721159,188703,6405,799.0,2023-01-23T16:47:09Z
Science,Veritasium,The ring on a chain trick,4114415,113902,1829,48.0,2023-01-18T21:12:01Z
Science,Veritasium,Falling ladders - why does this happen?,48404375,1418274,47470,28.0,2023-01-12T17:24:24Z
Science,Veritasium,Indestructible coating?!,11792336,483098,7153,51.0,2022-12-31T16:32:25Z
Science,Veritasium,The Science Behind Dogs' Incredible Sense Of Smell,6897035,149075,5658,1308.0,2022-12-24T21:10:10Z
Science,Veritasium,Testing the US Military’s Worst Idea,15567996,345628,30309,1479.0,2022-12-21T17:56:57Z
Science,Veritasium,How To Measure The Tiniest Forces In The Universe,7555778,191831,5158,934.0,2022-12-12T15:53:57Z
Science,Veritasium,Inside The Navy's Indoor Ocean,41266562,436625,8399,1225.0,2022-12-01T14:00:31Z
Science,Veritasium,What’s in a candle flame?,1690202,108366,824,46.0,2022-11-23T20:12:06Z
Science,Veritasium,The world depends on a collection of strange items. They're not cheap,12307597,250422,10718,1112.0,2022-11-19T14:00:24Z
Science,Veritasium,What if a star explodes near Earth?,12452376,243410,9178,1166.0,2022-11-15T14:00:19Z
Science,Veritasium,The Most Important Algorithm Of All Time,10274064,298543,7774,1593.0,2022-11-03T12:52:34Z
Science,Veritasium,Why do we launch rockets from Florida?,3844564,195952,3346,60.0,2022-10-06T01:05:05Z
Science,Veritasium,How Dangerous is a Penny Dropped From a Skyscraper?,19626765,353566,13658,1361.0,2022-10-01T15:00:11Z
Science,Veritasium,World's Highest Jumping Robot,14186450,179563,5723,796.0,2022-08-31T13:00:16Z
Science,Veritasium,The Expert Myth,15268819,623119,14349,1079.0,2022-08-02T16:51:13Z
Science,Veritasium,The Man Who Killed Millions and Saved Billions,15476992,564982,20245,1355.0,2022-07-22T17:03:09Z
Science,Veritasium,The Riddle That Seems Impossible Even If You Know The Answer,18063623,477088,39282,1065.0,2022-06-30T12:20:58Z
Science,Veritasium,The Absurd Search For Dark Matter,10798368,286879,15466,992.0,2022-06-02T12:06:02Z
Science,Veritasium,How did they actually take this picture? (Very Long Baseline Interferometry),7631814,228398,10235,1187.0,2022-05-12T14:52:13Z
Science,Veritasium,How Electricity Actually Works,12082996,377895,24535,1471.0,2022-04-29T13:59:54Z
Science,Veritasium,The Man Who Accidentally Killed The Most People In History,41834235,931708,46477,1497.0,2022-04-22T15:37:40Z
Science,Veritasium,How Horses Save Humans From Snakebites,15023484,229774,8108,966.0,2022-03-22T11:55:53Z
Science,Veritasium,Future Computers Will Be Radically Different (Analog Computing),12782343,363050,14128,1302.0,2022-03-01T11:37:38Z
Science,Veritasium,The Most Powerful Computers You've Never Heard Of,12645807,378422,10613,1213.0,2021-12-21T19:32:53Z
Science,Veritasium,The Snowflake Myth,10369725,319731,11290,1129.0,2021-12-01T07:35:28Z
Science,Veritasium,Most People Don't Know How Bikes Work,23801150,543397,24517,682.0,2021-11-28T15:00:07Z
Science,Veritasium,The Big Misconception About Electricity,26943625,715489,83454,888.0,2021-11-19T18:26:03Z
Science,Veritasium,How Imaginary Numbers Were Invented,21660249,705325,26143,1409.0,2021-11-01T06:54:16Z
Science,Veritasium,I Rented A Helicopter To Settle A Physics Debate,8135556,267428,15105,779.0,2021-10-27T14:00:34Z
Science,Veritasium,"A Robot That Walks, Flies, Skateboards, Slacklines",3824008,107110,7490,647.0,2021-10-16T14:03:41Z
Science,Veritasium,How They Caught The Golden State Killer,9697400,312144,22431,1632.0,2021-09-30T16:20:07Z
Science,Veritasium,How Hidden Technology Transformed Bowling,18656768,290271,9579,1681.0,2021-09-25T12:02:22Z
Science,Veritasium,Why Scorpions Glow in the Dark,2279681,99531,3687,571.0,2021-09-03T15:11:48Z
Science,Veritasium,The Universe is Hostile to Computers,25136404,705297,35322,1383.0,2021-08-31T16:51:31Z
Science,Veritasium,Clickbait is Unreasonably Effective,8216546,369378,23444,1165.0,2021-08-17T11:38:34Z
Science,Veritasium,The Genius of 3D Printed Rockets,12975270,221341,12955,1198.0,2021-08-12T15:23:23Z
Science,Veritasium,The Simplest Math Problem No One Can Solve - Collatz Conjecture,44977894,935658,80928,1329.0,2021-07-30T14:16:19Z
Science,Veritasium,Why You Should Want Driverless Cars On Roads Now,3515688,173443,29542,1088.0,2021-07-23T13:45:20Z
Science,Veritasium,How a slinky falls in slow motion #shorts,36496877,1560725,10837,42.0,2021-07-19T20:48:32Z
Science,Veritasium,The Biggest Myth In Education,15219498,542663,37037,867.0,2021-07-09T14:27:22Z
Science,Veritasium,"A Physics Prof Bet Me $10,000 I'm Wrong",21969490,606026,58258,1076.0,2021-06-30T18:31:01Z
Science,Veritasium,The Longest-Running Evolution Experiment,6891979,293351,29682,1037.0,2021-06-16T15:36:29Z
Science,Veritasium,Risking My Life To Settle A Physics Debate,12193719,367839,46561,1298.0,2021-05-29T16:14:37Z
Science,Veritasium,Math's Fundamental Flaw,30050128,754618,50143,2040.0,2021-05-22T14:23:50Z
Science,Veritasium,How An Infinite Hotel Ran Out Of Room,35071544,968478,80935,367.0,2021-05-10T16:02:12Z
Science,Veritasium,This Unstoppable Robot Could Save Your Life,35320024,391918,20948,870.0,2021-04-16T14:11:43Z
Science,Veritasium,The Surprising Secret of Synchronization,27687404,620306,19618,1169.0,2021-03-31T13:29:46Z
Science,Veritasium,This is why we can't have nice things,25300515,852111,52946,1050.0,2021-03-26T17:01:54Z
Science,Veritasium,The Discovery That Transformed Pi,16716797,438485,19931,1120.0,2021-03-16T13:00:20Z
Science,Veritasium,Why Robots That Bend Are Better,4179205,104653,4455,635.0,2021-02-18T13:32:23Z
Science,Veritasium,I Asked Bill Gates What's The Next Crisis?,7892691,200379,75466,794.0,2021-02-04T14:00:03Z
Science,Veritasium,The Explosive Element That Changed The World,10132064,393587,19686,1165.0,2021-01-27T14:00:08Z
Science,Veritasium,Q&A + Giveaway for 10 Years on YouTube,671743,56261,8086,780.0,2021-01-07T21:10:38Z
Science,Veritasium,The Illusion Only Some People Can See,10666680,312882,18002,1017.0,2020-12-31T14:29:14Z
Science,Veritasium,These are the asteroids to worry about,80408182,657896,31547,1206.0,2020-11-30T15:17:09Z
Science,Veritasium,Why No One Has Measured The Speed Of Light,23957254,628825,115579,1145.0,2020-10-31T12:00:21Z
Science,Veritasium,What Actually Expands In An Expanding Universe?,4619296,142952,10352,748.0,2020-10-23T18:39:04Z
Science,Veritasium,How One Supernova Measured The Universe,5323290,167577,6732,822.0,2020-10-20T19:29:12Z
Science,Veritasium,What Everyone Gets Wrong About Gravity,14571757,457586,54805,1054.0,2020-10-09T17:02:41Z
Science,Veritasium,The Infinite Pattern That Never Repeats,21696471,546315,24229,1272.0,2020-09-30T22:18:06Z
Science,Veritasium,How Kodak Exposed Nuclear Testing,6667612,242236,11614,800.0,2020-09-16T18:17:48Z
Science,Veritasium,Why Being Delusional is a Superpower,13839611,722186,36596,724.0,2020-08-28T15:14:45Z
Science,Veritasium,Is Dust Mostly Dead Skin?,4808123,193861,10477,913.0,2020-08-18T12:00:12Z
Science,Veritasium,Half the universe was missing... until now,5203490,183381,8308,850.0,2020-07-31T22:13:30Z
Science,Veritasium,The Launch of Perseverance to Mars,806290,54249,3198,215.0,2020-07-30T16:19:16Z
Science,Veritasium,Turbulent Flow is MORE Awesome Than Laminar Flow,11179270,247421,12526,1112.0,2020-06-11T14:00:04Z
Science,Veritasium,Parallel Worlds Probably Exist. Here’s Why,24573260,558412,50681,1200.0,2020-03-06T17:40:33Z
Science,Veritasium,This equation will change how you see the world (the logistic map),16806574,605086,26299,1119.0,2020-01-29T19:35:46Z
Science,Veritasium,Why New Years Resolutions Fail & How To Succeed,832131,39223,5073,620.0,2019-12-28T18:07:19Z
Science,Veritasium,How to Slow Aging (and even reverse it),7397900,270112,20383,1270.0,2019-12-14T15:00:05Z
Science,Kurzgesagt – In a Nutshell,Zombie Proteins in Your Brain!,567595,31176,531,72.0,2026-01-29T17:41:55Z
Science,Kurzgesagt – In a Nutshell,Jupiter Made Earth Possible,1334653,67936,1339,72.0,2026-01-22T15:01:42Z
Science,Kurzgesagt – In a Nutshell,We Made A New Channel!,1648438,78532,2409,183.0,2026-01-16T15:30:05Z
Science,Kurzgesagt – In a Nutshell,Planets Around Black Holes,1566922,70461,1238,76.0,2026-01-15T15:00:45Z
Science,Kurzgesagt – In a Nutshell,Let’s Cook a Planet!,2830171,153821,3708,71.0,2026-01-12T15:01:31Z
Science,Kurzgesagt – In a Nutshell,Nature’s Ultimate Impostor,1158323,64147,906,81.0,2026-01-08T15:01:44Z
Science,Kurzgesagt – In a Nutshell,Why Are There No Holes Around Trees?,3139078,144657,4262,681.0,2026-01-07T15:00:13Z
Science,Kurzgesagt – In a Nutshell,We Made A New Journal,236443,8133,452,77.0,2025-12-30T15:01:04Z
Science,Kurzgesagt – In a Nutshell,The Moon’s Invisible Threat,3253467,156906,1961,85.0,2025-12-18T15:00:53Z
Science,Kurzgesagt – In a Nutshell,Tattoo Removal Is Insane,2800609,107102,5697,774.0,2025-12-12T15:00:02Z
Science,Kurzgesagt – In a Nutshell,How to Destroy a Black Hole,1349561,84919,1695,148.0,2025-12-11T15:00:03Z
Science,Kurzgesagt – In a Nutshell,All Of Human History In One Hour,2690422,102240,5615,3803.0,2025-12-05T15:00:03Z
Science,Kurzgesagt – In a Nutshell,Does Legalizing Drugs Help?,1798430,140076,2127,90.0,2025-12-04T15:00:57Z
Science,Kurzgesagt – In a Nutshell,Astronomy Is In Crisis...And It's Incredibly Exciting,4557955,210655,13665,688.0,2025-12-02T15:00:05Z
Science,Kurzgesagt – In a Nutshell,Will Fungi Infect Us All?,1861591,82367,1411,56.0,2025-11-27T15:01:45Z
Science,Kurzgesagt – In a Nutshell,Trees Are So Weird,5483623,234859,6947,687.0,2025-11-25T15:00:10Z
Science,Kurzgesagt – In a Nutshell,How Big Is a Human Cube?,1090783,41351,601,55.0,2025-11-20T15:01:25Z
Science,Kurzgesagt – In a Nutshell,The Fat Problem,3611454,165167,6672,696.0,2025-11-18T15:00:06Z
Science,Kurzgesagt – In a Nutshell,The Most Dangerous Animal,1474812,59902,1790,61.0,2025-11-13T15:00:50Z
Science,Kurzgesagt – In a Nutshell,You're More Stressed Than Ever - Let's Change That,4080111,227956,7776,718.0,2025-11-11T15:00:05Z
Science,Kurzgesagt – In a Nutshell,You Are Everyone,1422584,100123,2807,96.0,2025-11-06T15:01:24Z
Science,Kurzgesagt – In a Nutshell,You Need To Quit Weed.,3833181,182580,28809,762.0,2025-11-04T16:10:02Z
Science,Kurzgesagt – In a Nutshell,Let’s Cause a Country-Wide Blackout!,883875,48244,1065,73.0,2025-10-30T14:31:41Z
Science,Kurzgesagt – In a Nutshell,Touchscreens – How Do They Work?,1366667,62944,636,51.0,2025-10-23T14:00:34Z
Science,Kurzgesagt – In a Nutshell,"Dig Deep, Power a City",1571036,69066,1220,71.0,2025-10-16T14:00:58Z
Science,Kurzgesagt – In a Nutshell,What If Earth Suddenly Turned Into Gold?,1933525,78165,916,93.0,2025-10-09T14:01:52Z
Science,Kurzgesagt – In a Nutshell,AI Slop Is Destroying The Internet,9433048,761741,37265,604.0,2025-10-07T14:00:17Z
Science,Kurzgesagt – In a Nutshell,How to Bottle a Star,1170443,54560,811,67.0,2025-10-02T14:01:14Z
Science,Kurzgesagt – In a Nutshell,We Found a Loophole to Survive the End of the Universe,3308304,136146,8355,762.0,2025-09-30T14:00:03Z
Science,Kurzgesagt – In a Nutshell,This Is the Deadliest Virus on Earth,2035609,89430,1185,53.0,2025-09-25T14:00:50Z
Science,Kurzgesagt – In a Nutshell,Pregnancy is Insane,2761074,131137,10579,796.0,2025-09-23T14:00:25Z
Science,Kurzgesagt – In a Nutshell,Can We Run on Renewables?,580149,28706,1080,68.0,2025-09-18T14:00:22Z
Science,Kurzgesagt – In a Nutshell,Can Humanity Stop A Planet-Killing Asteroid?,5866422,164893,8248,764.0,2025-09-16T14:00:03Z
Science,Kurzgesagt – In a Nutshell,Our PC Game Is Finally Here!,693557,43277,1307,68.0,2025-09-10T15:30:31Z
Science,Kurzgesagt – In a Nutshell,This Game Took Us Two Years To Make,638288,32664,1732,69.0,2025-09-10T15:00:45Z
Science,Kurzgesagt – In a Nutshell,What If a Massive Solar Storm Hits Earth?,1862028,73306,885,56.0,2025-09-04T14:00:27Z
Science,Kurzgesagt – In a Nutshell,The Dumbest Animal Alive,4513162,185994,10403,665.0,2025-09-02T14:00:01Z
Science,Kurzgesagt – In a Nutshell,Would You Upload Your Mind?,636446,25287,1330,57.0,2025-08-28T14:00:36Z
Science,Kurzgesagt – In a Nutshell,We Won’t Explore the Galaxy...,1072188,56908,1477,61.0,2025-08-21T14:00:55Z
Science,Kurzgesagt – In a Nutshell,The Drug To Master Reality,4211655,179912,11524,679.0,2025-08-19T14:00:01Z
Science,Kurzgesagt – In a Nutshell,Alcohol is AMAZING,5633970,268644,18503,852.0,2025-08-12T14:00:08Z
Science,Kurzgesagt – In a Nutshell,POV: A Nuclear War Just Started,3458638,247008,7290,161.0,2025-08-07T14:47:59Z
Science,Kurzgesagt – In a Nutshell,Which One Are You?,3087190,140427,4001,57.0,2025-07-31T15:05:22Z
Science,Kurzgesagt – In a Nutshell,Let's Kill You a Billion Times to Make You Immortal,4253951,151584,9586,710.0,2025-07-29T14:00:02Z
Science,Kurzgesagt – In a Nutshell,The 5 Times Life on Earth Almost Ended,2585821,155033,2098,170.0,2025-07-24T14:00:34Z
Science,Kurzgesagt – In a Nutshell,How many organs can YOU live without? Turns out: More than we thought.,4751672,177643,2203,75.0,2025-07-17T14:01:35Z
Science,Kurzgesagt – In a Nutshell,Invisible Extinction From Space – Gamma Ray Bursts,1123713,44062,517,59.0,2025-07-10T14:01:31Z
Science,Kurzgesagt – In a Nutshell,Some Galaxies Move Faster Than the Speed of Light,925124,34553,609,48.0,2025-07-10T14:00:05Z
Science,Kurzgesagt – In a Nutshell,When Your Body Attacks Itself – Autoimmune,2993908,111504,5468,655.0,2025-07-01T14:00:01Z
Science,Kurzgesagt – In a Nutshell,How the Universe Might End,2283729,121221,2846,179.0,2025-06-26T16:14:41Z
Science,Kurzgesagt – In a Nutshell,Why Do Planets Rotate in a Disk?,1484763,56318,888,61.0,2025-06-19T14:00:18Z
Science,Kurzgesagt – In a Nutshell,Test Our PC Game – Star Birds Demo Out Now!,559860,28814,944,47.0,2025-06-09T17:00:14Z
Science,Kurzgesagt – In a Nutshell,How Nuclear Flies Protect You from Flesh-Eating Parasites,5947218,164729,8842,680.0,2025-06-03T14:00:05Z
Science,Kurzgesagt – In a Nutshell,Dozens of Nukes Are Missing. Why? HOW?,2792022,107115,1620,61.0,2025-05-29T14:01:14Z
Science,Kurzgesagt – In a Nutshell,Why Does Fentanyl Feel So Good?,8759506,352490,21730,898.0,2025-05-20T14:00:01Z
Science,Kurzgesagt – In a Nutshell,Panic Attacks Explained in 60 Seconds,1160432,63389,1077,61.0,2025-05-15T14:01:09Z
Science,Kurzgesagt – In a Nutshell,What If It Rains Bananas For A Single Day? (Spoiler: It's Bad),5020464,155863,10524,676.0,2025-05-06T14:00:01Z
Science,Kurzgesagt – In a Nutshell,Heat Affects Who Gets Born,856996,29248,754,59.0,2025-05-01T14:00:28Z
Science,Kurzgesagt – In a Nutshell,Your Time Machine Broke - At The Worst Time In History,5621091,193170,7809,773.0,2025-04-22T14:00:01Z
Science,Kurzgesagt – In a Nutshell,Why Do We Itch?,6626959,296300,5261,61.0,2025-04-17T14:00:44Z
Science,Kurzgesagt – In a Nutshell,Your Spacesuit Fails – What Now?,2485007,89225,866,71.0,2025-04-10T14:01:02Z
Science,Kurzgesagt – In a Nutshell,SOUTH KOREA IS OVER,14866414,496193,76363,887.0,2025-04-02T14:00:03Z
Science,Kurzgesagt – In a Nutshell,Bird Flu Simulator,3367629,144333,1633,70.0,2025-03-27T15:00:36Z
Science,Kurzgesagt – In a Nutshell,Why Your Brain Blinds You For 2 Hours Every Day,7085651,314495,15661,754.0,2025-03-18T15:00:01Z
Science,Kurzgesagt – In a Nutshell,What If Continents and Oceans Switched Places?,9102836,542050,2940,96.0,2025-03-13T15:01:01Z
Science,Kurzgesagt – In a Nutshell,How Radioactive Are Your Teeth?,7618625,431343,4083,135.0,2025-03-06T15:00:30Z
Science,Kurzgesagt – In a Nutshell,If You Eat Meat You Should Know This,5798716,263213,26065,930.0,2025-02-25T15:00:01Z
Science,Kurzgesagt – In a Nutshell,How to Clean Up Space Debris,1079615,58641,708,54.0,2025-02-20T15:00:44Z
Science,Kurzgesagt – In a Nutshell,What Falling in Love Does to You,1472405,104650,2186,53.0,2025-02-14T15:00:23Z
Science,Kurzgesagt – In a Nutshell,What Actual Aliens Might Look Like,9630064,259651,9039,953.0,2025-02-04T15:00:01Z
Science,Kurzgesagt – In a Nutshell,How Chicken Heads Stopped Rabies,3762357,255926,1346,95.0,2025-01-30T15:00:35Z
Science,Kurzgesagt – In a Nutshell,Are You a Machine?,3283202,284421,3977,130.0,2025-01-23T15:00:40Z
Science,Kurzgesagt – In a Nutshell,Whales Evolved from This Animal,4708347,371836,7573,151.0,2025-01-16T15:01:09Z
Science,Kurzgesagt – In a Nutshell,Your Brain Deletes Your Childhood Memories,1789158,107324,1731,62.0,2025-01-09T15:00:02Z
Science,Kurzgesagt – In a Nutshell,Lightning: Nature’s Plasma Highway,2010007,149468,2189,60.0,2025-01-02T15:00:56Z
Science,Kurzgesagt – In a Nutshell,How EXACTLY Does Beaming Work?,2476650,164245,3287,55.0,2024-12-26T15:00:34Z
Science,Kurzgesagt – In a Nutshell,Do We See the Same Colors?,2623193,159044,2503,55.0,2024-12-19T15:01:08Z
Science,Kurzgesagt – In a Nutshell,The Real Reason Why You Have Allergies,7142806,207899,7499,750.0,2024-12-12T15:00:04Z
Science,Kurzgesagt – In a Nutshell,Is The World Getting More Violent?,4582107,199923,26745,777.0,2024-12-10T15:00:01Z
Science,Kurzgesagt – In a Nutshell,Black Hole's Evil Twin - Gravastars Explained,8338844,244283,10501,811.0,2024-12-03T15:00:04Z
Science,Kurzgesagt – In a Nutshell,Let's Climb a Ladder to Space – Will We Float or Fall?,4760221,360849,3091,151.0,2024-11-28T15:00:44Z
Science,Kurzgesagt – In a Nutshell,Vaping Is Too Good To Be True,8242632,321224,16054,834.0,2024-11-19T15:00:01Z
Science,Kurzgesagt – In a Nutshell,We Have To Talk About Weed,11996553,490154,33725,882.0,2024-11-12T14:59:35Z
Science,Kurzgesagt – In a Nutshell,The Most Insane Weapon You Never Heard About,13109034,329006,14919,836.0,2024-11-05T15:00:02Z
Science,Kurzgesagt – In a Nutshell,We Fell For The Oldest Lie On The Internet,8498969,428097,15260,788.0,2024-10-29T15:00:09Z
Science,Kurzgesagt – In a Nutshell,How to Survive a Parachute Jump Without a Parachute,7982304,429836,3092,58.0,2024-10-24T14:04:05Z
Science,Kurzgesagt – In a Nutshell,What Is Mpox? And How Dangerous Is It?,4748048,275320,3314,59.0,2024-10-17T14:00:55Z
Science,Kurzgesagt – In a Nutshell,Tired of Doomscrolling?,6174623,294611,12368,554.0,2024-10-08T13:59:36Z
Science,Kurzgesagt – In a Nutshell,There Is Life Hiding Inside Earth,7945157,229690,8238,688.0,2024-10-03T13:59:15Z
Science,Kurzgesagt – In a Nutshell,This Video Might Save 58 Lives Next Week,5464941,398551,24983,819.0,2024-09-24T15:00:04Z
Science,Kurzgesagt – In a Nutshell,Why Scientists Are Puzzled By This Virus,5202334,186377,4541,644.0,2024-09-17T14:00:08Z
Science,Kurzgesagt – In a Nutshell,We Need to Rethink Exercise (Updated Version),5395322,182493,6312,788.0,2024-09-12T14:01:11Z
Science,Kurzgesagt – In a Nutshell,Why Do Puddles Disappear but Lakes Don’t?,5860910,375645,1518,57.0,2024-09-12T14:00:39Z
Science,Kurzgesagt – In a Nutshell,The Perfect Sofa – According to Science,7896000,415130,3363,55.0,2024-09-05T14:00:37Z
Science,Kurzgesagt – In a Nutshell,This Happens When You Get a Tattoo,3238256,196258,2185,49.0,2024-08-29T14:00:05Z
Science,Kurzgesagt – In a Nutshell,We Traveled Back in Time. Now Physicists Are Angry.,8519345,272698,9776,680.0,2024-08-27T14:00:00Z
Science,Kurzgesagt – In a Nutshell,Fentanyl Explained,10764187,785374,13383,59.0,2024-08-22T14:00:28Z
Science,Kurzgesagt – In a Nutshell,"Fever Feels Horrible, but is Actually Awesome!",10031258,347870,12156,668.0,2024-08-13T14:00:01Z
Science,Kurzgesagt – In a Nutshell,A.I. ‐ Humanity's Final Invention?,11390781,308905,21288,1003.0,2024-08-06T14:00:09Z
Science,Kurzgesagt – In a Nutshell,The Sun is NOT Yellow!,4822013,302827,4630,60.0,2024-08-01T14:00:40Z
Science,Kurzgesagt – In a Nutshell,Can Our Universe Destroy Itself?,1923577,119433,993,54.0,2024-07-25T14:00:54Z
Science,Kurzgesagt – In a Nutshell,Can We Stop the Extinction?,2655553,160059,3657,59.0,2024-07-11T14:00:13Z
Science,Kurzgesagt – In a Nutshell,The Deadly Power of a Coin-Sized Black Hole,18970642,909949,6384,56.0,2024-07-04T14:00:42Z
Science,Kurzgesagt – In a Nutshell,This Disease is Deadlier Than The Plague,10411719,454354,17937,653.0,2024-06-25T14:00:01Z
Science,Kurzgesagt – In a Nutshell,Our Brains Are Not Special. But Why Are We?,8151482,507095,4714,49.0,2024-06-20T14:00:29Z
Science,Kurzgesagt – In a Nutshell,We Are Making a VIDEO GAME,849914,77434,1890,60.0,2024-06-13T13:00:47Z
Science,Kurzgesagt – In a Nutshell,Do You Have a Free Will?,6224134,272887,20653,738.0,2024-06-11T14:00:01Z
Science,Kurzgesagt – In a Nutshell,We Are Making a VIDEO GAME,1910084,130460,7487,61.0,2024-06-09T20:08:11Z
Science,Kurzgesagt – In a Nutshell,Something Travels Faster than Light,7894834,436956,5327,52.0,2024-06-06T14:00:19Z
Science,Kurzgesagt – In a Nutshell,How Old Can You Get?,10722052,561755,6198,58.0,2024-05-30T14:00:07Z
Science,Kurzgesagt – In a Nutshell,Your Hidden Superpower,1356845,39558,1456,107.0,2024-05-28T14:00:01Z
Science,Kurzgesagt – In a Nutshell,This Black Hole Could be Bigger Than The Universe,8360456,270744,13118,704.0,2024-05-21T14:00:02Z
Science,Kurzgesagt – In a Nutshell,Why Is the Night Sky Black?,5006000,357923,3219,58.0,2024-05-16T14:00:29Z
Science,Kurzgesagt – In a Nutshell,Smoking is Awesome,12630419,604078,36953,705.0,2024-05-07T14:00:02Z
Science,Kurzgesagt – In a Nutshell,Why You Need a Space Elevator And How You Can Build One,2413465,161557,1813,58.0,2024-05-02T14:00:15Z
Science,Kurzgesagt – In a Nutshell,What Makes Kurzgesagt So Special?,1112228,66572,2250,130.0,2024-04-30T14:00:02Z
Science,Kurzgesagt – In a Nutshell,How You Can Live Forever... Maybe.,13731126,583116,5232,60.0,2024-04-25T14:00:13Z
Science,Kurzgesagt – In a Nutshell,Let’s Go on a Fantastical Journey,1701087,116315,648,55.0,2024-04-18T14:00:30Z
Science,Kurzgesagt – In a Nutshell,There Are Thousands of Alien Empires in The Milky Way,8397775,239516,12373,839.0,2024-04-16T14:00:03Z
Science,Kurzgesagt – In a Nutshell,Let's Cook a Galaxy,5306629,280674,6651,59.0,2024-04-11T14:00:23Z
Science,Kurzgesagt – In a Nutshell,ONE Gene Determines How Many Fingers You Have,10468536,515716,8426,55.0,2024-04-04T14:00:09Z
Science,Kurzgesagt – In a Nutshell,How The Dinosaurs Actually Died,8455625,221276,8995,700.0,2024-03-26T14:59:10Z
Science,Kurzgesagt – In a Nutshell,YOU Own the Moon. And Mars. And Venus.,5999795,355897,3903,60.0,2024-03-21T15:00:27Z
Science,Kurzgesagt – In a Nutshell,AI Can Literally Lend You a Hand,5755669,369015,3829,54.0,2024-03-14T15:00:10Z
Science,Kurzgesagt – In a Nutshell,Will Europe Freeze over When the Gulf Stream Stops?,2899141,180248,2242,56.0,2024-03-07T15:00:38Z
Science,Kurzgesagt – In a Nutshell,What Does the Moon Smell Like?,4563340,307939,2505,59.0,2024-02-29T15:00:31Z
Science,Kurzgesagt – In a Nutshell,The Paradox of an Infinite Universe,11043893,327614,13230,681.0,2024-02-27T15:00:02Z
Science,Kurzgesagt – In a Nutshell,What Happens AFTER Nuclear War?,12643141,309557,20374,671.0,2024-02-20T15:00:02Z
Science,Kurzgesagt – In a Nutshell,Something in Your Kitchen Emits Antimatter,13252824,732968,7204,60.0,2024-02-15T15:00:16Z
Science,Kurzgesagt – In a Nutshell,Can You Escape a Black Hole?,3961804,226211,5033,46.0,2024-02-08T15:00:34Z
Science,Kurzgesagt – In a Nutshell,Did The Future Already Happen? - The Paradox of Time,14161257,454981,21478,755.0,2024-01-30T15:00:03Z
Science,Kurzgesagt – In a Nutshell,What If Our Sun Disappeared?,7044023,370393,3455,57.0,2024-01-25T15:00:41Z
Science,Kurzgesagt – In a Nutshell,Map Projections – Why Do We Have Different Maps of the Earth?,3191394,144135,1263,43.0,2024-01-18T15:00:10Z
Science,Kurzgesagt – In a Nutshell,Let’s Shrink Earth to Half Its Size,5263775,304067,2295,58.0,2024-01-11T15:00:09Z
Science,Kurzgesagt – In a Nutshell,You Swallowed a Tapeworm – What Now?,10259095,522645,5020,60.0,2024-01-04T15:00:16Z
Science,Kurzgesagt – In a Nutshell,Cooking a Chicken in a Particle Accelerator,5270738,322467,2798,60.0,2023-12-28T15:00:39Z
Science,Kurzgesagt – In a Nutshell,You Are The Center of The Universe (Literally),7554043,231468,7459,751.0,2023-12-17T15:00:53Z
Science,Kurzgesagt – In a Nutshell,Your Tattoo is INSIDE Your Immune System. Literally,15888461,439801,15305,549.0,2023-12-12T15:00:01Z
Science,Kurzgesagt – In a Nutshell,How To Destroy The Universe,9590074,248532,8796,603.0,2023-12-08T15:00:01Z
Science,Kurzgesagt – In a Nutshell,The Moment kurzgesagt Changed Forever,1978559,121293,2833,129.0,2023-12-05T16:30:09Z
Science,Kurzgesagt – In a Nutshell,The Internet is Worse Than Ever – Now What?,8802914,437146,25726,692.0,2023-11-29T15:00:43Z
Science,Kurzgesagt – In a Nutshell,The Last Thing To Ever Happen In The Universe,8854490,282350,11783,665.0,2023-11-21T15:00:01Z
Science,Kurzgesagt – In a Nutshell,How to Win an Interstellar War,11720708,317962,14223,665.0,2023-11-15T15:00:01Z
Science,Kurzgesagt – In a Nutshell,4.5 Billion Years in 1 Hour,16482692,725783,31740,3811.0,2023-11-10T16:15:06Z
Science,Kurzgesagt – In a Nutshell,Ancient Life as Old as the Universe,7933374,283741,10908,575.0,2023-10-10T14:00:02Z
Science,Kurzgesagt – In a Nutshell,Why Humans Are Vanishing,12610240,372241,38840,787.0,2023-10-04T14:00:02Z
Science,Kurzgesagt – In a Nutshell,Would You Choose Life On Earth Or in Space?,4465169,277612,5347,58.0,2023-09-21T14:00:08Z
Science,Kurzgesagt – In a Nutshell,Are You A Dream Of The Universe?,8153777,346289,17228,616.0,2023-09-12T14:00:06Z
Science,Kurzgesagt – In a Nutshell,How A Nuclear War Will Start - Minute by Minute,10016199,334731,17047,534.0,2023-08-22T14:00:08Z
Science,Kurzgesagt – In a Nutshell,What Happens If You Destroy A Black Hole?,13430897,348953,13767,653.0,2023-08-16T13:59:54Z
Science,Kurzgesagt – In a Nutshell,The (Second) Deadliest Virus,6777728,224396,10031,669.0,2023-08-08T13:59:49Z
Science,Kurzgesagt – In a Nutshell,How Many Moons Could Earth Handle?,11213408,632177,4384,60.0,2023-07-27T14:03:48Z
Science,Kurzgesagt – In a Nutshell,What If You’re in Space without a Spacesuit?,5895482,326468,3338,55.0,2023-07-20T14:00:03Z
Science,Kurzgesagt – In a Nutshell,What Happens if Earth Suddenly Stops Rotating?,6493917,400931,3437,58.0,2023-07-13T14:00:34Z
Science,Kurzgesagt – In a Nutshell,Earth's Hidden Gem: The Astonishing Diversity of Fauna and Flora,1255140,83372,445,43.0,2023-07-06T14:00:12Z
Science,Kurzgesagt – In a Nutshell,The Most Dangerous Weapon Is Not Nuclear,6289993,223952,11947,665.0,2023-07-02T13:00:42Z
Science,Kurzgesagt – In a Nutshell,The Next Atomic Bomb Is Made of DNA,3845616,226792,2109,54.0,2023-07-02T13:00:05Z
Science,Kurzgesagt – In a Nutshell,Are Your Friends More Popular than You?,2938784,199344,1911,51.0,2023-06-29T14:00:31Z
Science,Kurzgesagt – In a Nutshell,Let's Make Earth Twice as Large!,11905515,680766,11539,60.0,2023-06-22T14:00:21Z
Science,Kurzgesagt – In a Nutshell,The Reason Why Cancer is so Hard to Beat,8781334,277907,9788,625.0,2023-06-18T13:00:41Z
Science,Kurzgesagt – In a Nutshell,Why Does Humanity Exist NOW?,5365081,387397,4789,52.0,2023-06-15T14:06:52Z
Science,Kurzgesagt – In a Nutshell,The Black Hole That Kills Galaxies - Quasars,10526298,283213,7524,650.0,2023-06-11T12:59:39Z
Science,Kurzgesagt – In a Nutshell,How do Lasers Work?,12411272,710458,3244,60.0,2023-06-08T14:00:16Z
Science,Kurzgesagt – In a Nutshell,Earth as a Cube – What Would It Look Like?,12949075,702313,8521,58.0,2023-06-01T14:00:11Z
Science,Kurzgesagt – In a Nutshell,How to Cut a Sandwich Perfectly – With Science,18792731,804941,6751,53.0,2023-05-25T14:00:28Z
Science,Kurzgesagt – In a Nutshell,Magnetic Pole Shift - A Doomsday Scenario?,10500312,589768,5117,59.0,2023-05-18T14:00:20Z
Science,Kurzgesagt – In a Nutshell,Tardigrades Have Superpowers,5859839,301783,1906,59.0,2023-05-14T14:00:26Z
Science,Kurzgesagt – In a Nutshell,How Tiny Can a Black Hole Be?,12497766,674315,10667,55.0,2023-05-11T14:00:15Z
Science,Kurzgesagt – In a Nutshell,Your Body Killed Cancer 5 Minutes Ago,8760493,304863,11640,554.0,2023-05-09T14:00:42Z
Science,Kurzgesagt – In a Nutshell,Why Is the Ocean Salty and Rivers Are Not?,8110338,557708,3856,60.0,2023-05-04T16:27:19Z
Science,Kurzgesagt – In a Nutshell,Why Aliens Might Already Be On Their Way To Us,9245600,293473,15519,658.0,2023-04-11T14:00:45Z
Science,Kurzgesagt – In a Nutshell,How We Make Money on YouTube with 20M Subs,5413347,358798,14485,598.0,2023-03-28T14:00:05Z
Science,Kurzgesagt – In a Nutshell,What Actually Happens When You Are Sick?,7529927,251521,12450,672.0,2023-02-28T14:59:23Z
Science,Kurzgesagt – In a Nutshell,The Most Complex Language in the World,6531553,274411,11703,715.0,2023-02-14T14:59:37Z
Science,Kurzgesagt – In a Nutshell,Black Hole Star – The Star That Shouldn't Exist,14507807,420690,17713,597.0,2022-12-15T15:00:12Z
Science,Kurzgesagt – In a Nutshell,How to Terraform Mars - WITH LASERS,10763065,293733,15803,677.0,2022-12-11T15:00:09Z
Science,Kurzgesagt – In a Nutshell,The Horror of the Slaver Ant,10024508,329187,10925,539.0,2022-12-06T15:52:00Z
Science,Kurzgesagt – In a Nutshell,The Most Extreme Explosion in the Universe,10758841,272129,8530,569.0,2022-11-23T15:00:13Z
Science,Kurzgesagt – In a Nutshell,Why Don't We Shoot Nuclear Waste Into Space?,13626299,442408,18434,635.0,2022-11-08T14:59:18Z
Science,Kurzgesagt – In a Nutshell,The Biggest Eruptions That Changed Earth Forever,12029680,313588,8040,599.0,2022-10-18T13:59:41Z
Science,Kurzgesagt – In a Nutshell,Let’s Travel to The Most Extreme Place in The Universe,13566938,533922,14404,694.0,2022-10-04T14:00:33Z
Science,Kurzgesagt – In a Nutshell,How To Make Friends,7556407,350112,18326,729.0,2022-09-06T13:59:36Z
Science,Kurzgesagt – In a Nutshell,Is Civilization on the Brink of Collapse?,10881476,388666,24947,595.0,2022-08-16T13:59:34Z
Science,Kurzgesagt – In a Nutshell,The Deadliest Virus on Earth,16180872,448226,19933,540.0,2022-07-26T13:58:55Z
Science,Kurzgesagt – In a Nutshell,The Last Human – A Glimpse Into The Far Future,14538217,534841,20680,751.0,2022-06-28T14:00:23Z
Science,Kurzgesagt – In a Nutshell,Change Your Life – One Tiny Step at a Time,14992897,732283,13172,691.0,2022-06-07T14:00:05Z
Science,Kurzgesagt – In a Nutshell,You Are Not Where You Think You Are,10355084,397294,14777,466.0,2022-05-17T13:59:44Z
Science,Kurzgesagt – In a Nutshell,The Most Horrible Parasite: Brain Eating Amoeba,14470461,455006,21873,640.0,2022-05-03T13:59:29Z
Science,Kurzgesagt – In a Nutshell,We WILL Fix Climate Change!,11899675,621639,43944,851.0,2022-04-05T13:59:18Z
Science,Kurzgesagt – In a Nutshell,Are There Lost Alien Civilizations in Our Past?,13878953,450475,16964,629.0,2022-03-01T14:59:23Z
Science,Kurzgesagt – In a Nutshell,What Happens if the Moon Crashes into Earth?,21687061,546518,28707,628.0,2022-02-08T14:59:49Z
Science,Kurzgesagt – In a Nutshell,Why We Should NOT Look For Aliens - The Dark Forest,17052942,639760,30187,631.0,2021-12-14T15:00:03Z
Science,Kurzgesagt – In a Nutshell,...And We'll Do it Again,13540411,664696,25062,527.0,2021-12-07T14:59:44Z
Science,Kurzgesagt – In a Nutshell,Is Meat Really that Bad?,8843384,397095,44324,614.0,2021-11-30T15:01:34Z
Science,Kurzgesagt – In a Nutshell,You Are Immune Against Every Disease,19056319,559695,25374,706.0,2021-11-02T14:59:43Z
Science,Kurzgesagt – In a Nutshell,What Dinosaurs ACTUALLY Looked Like?,14496064,561290,21050,593.0,2021-10-12T14:00:09Z
Science,Kurzgesagt – In a Nutshell,Two Chapters From Our New Book – Exclusive Preview!,2081084,83532,4229,1556.0,2021-09-28T14:01:17Z
Science,Kurzgesagt – In a Nutshell,Can YOU Fix Climate Change?,14048868,718059,62422,950.0,2021-09-22T13:59:24Z
Science,Kurzgesagt – In a Nutshell,This Virus Shouldn't Exist (But it Does),23507070,592585,20685,574.0,2021-08-31T13:59:40Z
Science,Kurzgesagt – In a Nutshell,How The Immune System ACTUALLY Works – IMMUNE,25393435,622139,31868,648.0,2021-08-10T13:59:41Z
Viral,MrBeast,"Flip a Coin, Win $30,000",150634973,3384431,17608,47.0,2026-01-27T17:00:03Z
Viral,MrBeast,Wait... Was He Famous?,86834363,2311119,22426,14.0,2026-01-25T20:00:01Z
Viral,MrBeast,"$1 vs $1,000,000,000 Futuristic Tech!",86053180,2375232,75279,1384.0,2026-01-24T17:00:01Z
Viral,MrBeast,Ages 1-100 Try Lunchly,11941547,455709,14694,40.0,2026-01-20T17:00:02Z
Viral,MrBeast,Survivor vs Beast Games,23559341,662967,12354,28.0,2026-01-16T19:00:01Z
Viral,MrBeast,Subscribe for an iPhone,584270522,4296198,132365,15.0,2026-01-13T19:00:04Z
Viral,MrBeast,Pass the Phone,60098727,1504485,11531,23.0,2026-01-09T19:00:05Z
Viral,MrBeast,"30 Celebrities Fight For $1,000,000!",99239761,2361809,113141,2518.0,2026-01-07T20:00:09Z
Viral,MrBeast,Guess the Animal,286790930,4394832,16375,53.0,2026-01-06T17:00:02Z
Viral,MrBeast,I Paid Everyone Stuck in Traffic,81270215,2381046,37217,27.0,2025-12-26T17:00:05Z
Viral,MrBeast,"Giving Away $1,000,000 in Gifts To My Subscribers",675493429,5577271,185418,19.0,2025-12-21T17:00:01Z
Viral,MrBeast,"Survive 30 Days Trapped In The Sky, Win $250,000",136672318,2467986,99087,2246.0,2025-12-20T17:00:01Z
Viral,MrBeast,"Find The Real Celebrity, Win $10,000",173394795,3588293,13180,33.0,2025-12-19T17:00:02Z
Viral,MrBeast,"Would You Date Him for $10,000?",121087364,3149646,20983,33.0,2025-12-12T17:00:03Z
Viral,MrBeast,How Many People to Pull a Plane?,38292094,814100,12777,27.0,2025-12-06T19:55:52Z
Viral,MrBeast,100 Pilots Fight For A Private Jet,126267710,1803912,70954,1726.0,2025-12-06T17:00:01Z
Viral,MrBeast,"Hit The Target, Keep The Prize",47285811,1070779,9589,26.0,2025-12-05T17:00:03Z
Viral,MrBeast,"Whatever You Hold Onto, You Keep",58796251,805409,10666,26.0,2025-12-02T20:00:01Z
Viral,MrBeast,"Flip a Coin, I’ll Pay For Your College",251013394,4102549,20049,34.0,2025-11-28T17:00:01Z
Viral,MrBeast,Who Has The Fastest Reaction Time?,70830847,1579462,8020,31.0,2025-11-25T17:00:00Z
Viral,MrBeast,World's Strongest Man Vs Robot,97674336,1837357,64203,1104.0,2025-11-22T17:00:01Z
Viral,MrBeast,I Surprised 50 Make-A-Wish Kids With Disneyland,36958834,905853,12031,29.0,2025-11-21T19:40:01Z
Viral,MrBeast,Can I Beat An F1 Driver?,273141979,2511831,11850,11.0,2025-11-18T17:00:01Z
Viral,MrBeast,How I Became MrBeef,29813130,1145820,15168,46.0,2025-11-16T20:00:02Z
Viral,MrBeast,I Raced Noah Lyles,273909826,3633087,10119,32.0,2025-11-14T17:00:01Z
Viral,MrBeast,100 People Vs World’s Biggest Trap!,101194773,1866097,83013,1843.0,2025-11-08T17:00:00Z
Viral,MrBeast,Giving Trick-or-Treaters Weirder and Weirder Gifts,138397922,1592599,12142,27.0,2025-11-07T17:00:05Z
Viral,MrBeast,MrBeast Lab Disaster!,32179065,1258607,16182,67.0,2025-11-03T17:00:01Z
Viral,MrBeast,Can We Stop World's Best Tennis Player,82352217,1361862,11022,23.0,2025-10-31T16:00:02Z
Viral,MrBeast,"I Saved 1,000 Animals From Dying",152616653,3083803,56499,1056.0,2025-10-25T16:00:01Z
Viral,MrBeast,I Baked a Cake In a Race Car,41782821,783085,7654,38.0,2025-10-21T16:00:01Z
Viral,MrBeast,"First to Answer the Phone, Wins $10,000",61066469,1863988,9306,46.0,2025-10-17T16:00:00Z
Viral,MrBeast,"Answer The Door, Win $10,000",76944752,2298511,46994,31.0,2025-10-14T16:00:00Z
Viral,MrBeast,100 Kids Vs World's Strongest Man!,150529228,2724872,50575,1641.0,2025-10-11T16:00:00Z
Viral,MrBeast,"Jump Over The Lava, Win!",71171619,1968146,11546,63.0,2025-10-10T16:00:01Z
Viral,MrBeast,"Call Your Ex, Win $10,000",97737604,2588401,9491,34.0,2025-10-07T16:00:00Z
Viral,MrBeast,Hi Me In 10 Years,56413655,3559476,111042,194.0,2025-10-04T16:00:07Z
Viral,MrBeast,World’s Fastest Dinner Date,249637977,3520928,11882,34.0,2025-10-03T16:00:03Z
Viral,MrBeast,"Would You Risk Dying For $500,000?",117526492,2194765,31044,1526.0,2025-09-27T16:00:04Z
Viral,MrBeast,Would Your Grandma Go Skydiving?,87714906,2458891,8817,42.0,2025-09-26T18:00:07Z
Viral,MrBeast,I Cooked A Pizza With Power Tools,472525743,8601404,40758,40.0,2025-09-23T16:00:07Z
Viral,MrBeast,Which Celebrity Punches The Hardest?,158498990,3273177,9763,47.0,2025-09-19T16:00:03Z
Viral,MrBeast,"Answer The Call, Win $10,000",878935075,8985578,21764,39.0,2025-09-16T17:00:04Z
Viral,MrBeast,"Survive 30 Days Chained To Your Ex, Win $250,000",200541978,3857140,62691,2224.0,2025-09-13T16:00:01Z
Viral,MrBeast,I Arrested IShowSpeed,78485186,2289188,6715,35.0,2025-09-12T17:00:01Z
Viral,MrBeast,I Raced IShowSpeed,447663088,7952109,10319,47.0,2025-09-01T20:45:41Z
Viral,MrBeast,"$1 vs $1,000,000,000 Nuclear Bunker!",145879146,2796336,36318,1038.0,2025-08-30T16:00:11Z
Viral,MrBeast,1 Subscriber = 1 Penny Donated,597591250,22889426,29636,18.0,2025-08-29T16:00:10Z
Viral,MrBeast,"Pick The Wrong Tube, Get Slimed",125747733,2831199,8583,36.0,2025-08-27T16:00:02Z
Viral,MrBeast,Reaction Time Challenge,130200164,2068359,11159,29.0,2025-08-19T16:00:02Z
Viral,MrBeast,"Survive 100 Days In Prison, Win $500,000",142622139,3025777,42184,2376.0,2025-08-16T19:00:02Z
Viral,MrBeast,Every YouTube Play Button I Have,211542002,3236002,19312,15.0,2025-08-15T16:00:01Z
Viral,MrBeast,1 Subscriber = 1 Second In The Arctic,93998120,2735259,11940,17.0,2025-08-08T16:00:02Z
Viral,MrBeast,Guess What Hit You,84798453,1426668,6296,32.0,2025-08-05T16:00:01Z
Viral,MrBeast,$1  = One Year of Clean Water,142117651,4111399,17503,32.0,2025-08-02T16:00:02Z
Viral,MrBeast,"2,000,000 People Get Clean Water For The First Time!",93501826,2362820,46064,620.0,2025-08-01T16:00:01Z
Viral,MrBeast,"Don’t Turn Around, Win $10k",382477330,6938596,10266,31.0,2025-07-31T16:00:01Z
Viral,MrBeast,Subscribe To Explode The TNT,308572832,4666226,12904,19.0,2025-07-29T16:00:01Z
Viral,MrBeast,"Find This Briefcase, Win $10,000",220851470,5676712,16539,67.0,2025-07-25T16:00:02Z
Viral,MrBeast,Jet Engine vs Human for $10k,141516831,2232118,6818,24.0,2025-07-20T16:00:01Z
Viral,MrBeast,"Survive 100 Days Trapped In A Private Jet, Keep It",138349063,3436908,45857,1983.0,2025-07-19T16:00:01Z
Viral,MrBeast,I Met Neymar,109431314,1810101,15931,10.0,2025-07-11T16:15:07Z
Viral,MrBeast,I Raced A Cheetah,143105613,3185472,14368,20.0,2025-07-06T16:00:01Z
Viral,MrBeast,World's Fastest Car Vs Cheetah!,208355216,3413876,46527,1237.0,2025-07-05T16:00:01Z
Viral,MrBeast,"You Lose, You Get Shot",106645890,1763621,6637,36.0,2025-06-30T16:00:08Z
Viral,MrBeast,"If You Spill, You Lose!",407326663,3693137,7671,19.0,2025-06-25T17:00:08Z
Viral,MrBeast,"Lose 100 LBs, Win $250,000!",226949821,6615296,109118,2210.0,2025-06-21T16:00:01Z
Viral,MrBeast,"$1 vs $25,000 VFX",103698622,2471128,13647,23.0,2025-06-19T17:00:41Z
Viral,MrBeast,Feastables vs Reese’s Taste Test with @gordonramsay,440501496,7403212,21259,33.0,2025-06-10T16:00:02Z
Viral,MrBeast,"$1 vs $500,000 Date",164038175,3458698,61055,1042.0,2025-06-07T16:00:00Z
Viral,MrBeast,Can I Teach a Penguin To Subscribe?,797451470,8092184,19495,9.0,2025-05-31T16:10:27Z
Viral,MrBeast,Extreme Helmet Game,192549286,3591102,7646,32.0,2025-05-28T16:00:19Z
Viral,MrBeast,"Beat Neymar, Win $500,000",156495811,3522367,80359,1673.0,2025-05-24T16:00:01Z
Viral,MrBeast,"Grab The Rolex, Keep It!",213537524,3182845,9698,23.0,2025-05-21T15:59:50Z
Viral,MrBeast,Slippery vs Sticky Stairs,791947652,8648552,27332,36.0,2025-05-16T16:00:01Z
Viral,MrBeast,I Survived 100 Hours In An Ancient Temple,127011233,2975664,77859,946.0,2025-05-10T16:00:01Z
Viral,MrBeast,"Subscribe to Win $50,000",91559414,4371687,163339,15.0,2025-05-07T16:00:01Z
Viral,MrBeast,"Find This Key, Win $10,000",56768865,1712824,7713,39.0,2025-05-05T16:00:00Z
Viral,MrBeast,World’s Fastest Robbers,320626202,5956475,14530,32.0,2025-05-02T16:00:00Z
Viral,MrBeast,Would You Go On Vacation With A Stranger?,332291272,9104272,27295,63.0,2025-04-29T16:00:00Z
Viral,MrBeast,"Would You Risk Drowning for $500,000?",201381951,3205706,43290,1546.0,2025-04-26T16:00:00Z
Viral,MrBeast,Extreme Helmet Game,221087101,2334514,5263,23.0,2025-04-25T16:15:00Z
Viral,MrBeast,"$10,000 Human Shuffleboard",540181406,6370736,5326,40.0,2025-04-22T16:30:14Z
Viral,MrBeast,"Drift This Car, Win $10,000",508167062,6600476,11016,20.0,2025-04-16T17:00:15Z
Viral,MrBeast,Click This Video To Feed 1 Person,75576519,4245983,73393,629.0,2025-04-12T16:00:01Z
Viral,MrBeast,You Can Stop Child Labor,100621833,3933560,24079,58.0,2025-04-11T16:00:01Z
Viral,MrBeast,How Fast Can I Go?,181386275,2850378,8954,18.0,2025-04-05T16:00:12Z
Viral,MrBeast,Baseball Tic Tac Toe vs MLB Pro,69612711,1582420,7516,27.0,2025-03-27T16:00:00Z
Viral,MrBeast,Could You Win This Obstacle Course?,111188696,1943021,10462,34.0,2025-03-25T16:15:01Z
Viral,MrBeast,"Find Your Dog, Win $10,000",522876778,12077067,11166,36.0,2025-03-23T16:00:01Z
Viral,MrBeast,I Survived The 5 Deadliest Places On Earth,169516331,3216267,54744,803.0,2025-03-22T16:00:00Z
Viral,MrBeast,This Is How The Pyramids Were Built,375205710,8657115,23265,13.0,2025-03-18T16:00:00Z
Viral,MrBeast,I Crashed One Of The Most Expensive Cars In The World,112952814,2575346,7191,16.0,2025-03-14T16:00:00Z
Viral,MrBeast,Last One To Fall Wins,145633252,4055194,8525,30.0,2025-03-08T18:05:23Z
Viral,MrBeast,"Last to Leave Their Circle Wins $500,000",194029512,3078153,83762,2318.0,2025-03-01T17:00:01Z
Viral,MrBeast,"Highest Away From Me Wins $10,000",576806104,11797017,12508,50.0,2025-02-28T17:00:00Z
Viral,MrBeast,"Find The Human, Win $10,000",352230646,7592329,9133,41.0,2025-02-24T17:00:02Z
Viral,MrBeast,"Find This Stranger, Win $10,000",668557139,16668314,13483,61.0,2025-02-19T18:00:00Z
Viral,MrBeast,"Reach the Money, Win $10,000",504831591,7799870,10100,25.0,2025-02-14T18:15:00Z
Viral,MrBeast,I Spent 100 Hours Inside The Pyramids!,224854566,5340935,100592,1303.0,2025-02-08T17:00:00Z
Viral,MrBeast,Every Minute One Person Is Eliminated,157903526,3120374,76012,2086.0,2025-01-25T17:00:01Z
Viral,MrBeast,"Last Person Hanging Wins $10,000",569803384,13082873,15920,43.0,2025-01-21T17:00:03Z
Viral,MrBeast,Subscribe For An iPhone,290891446,28228147,222600,17.0,2025-01-17T17:00:00Z
Viral,MrBeast,"I Helped 2,000 People Walk Again",133766596,2986578,55532,931.0,2025-01-11T17:00:02Z
Viral,MrBeast,This obstacle course is WILD,216881645,3957720,5599,32.0,2025-01-10T17:00:00Z
Viral,MrBeast,How Many People To Stop Ronaldo?,559208229,12109560,29191,21.0,2024-12-27T19:00:00Z
Viral,MrBeast,"Last Person Standing Wins $10,000",657676045,13438461,10444,48.0,2024-12-22T17:00:01Z
Viral,MrBeast,"2,000 People Fight For $5,000,000",193752425,4618347,51033,1485.0,2024-12-19T17:00:00Z
Viral,MrBeast,Bring Me Back Snow From The North Pole,701795961,18577816,15641,55.0,2024-12-10T17:00:00Z
Viral,MrBeast,I Got T-Series To Subscribe To Me,210956822,8443089,16153,31.0,2024-12-09T17:00:01Z
Viral,MrBeast,Ronaldo Teaches Me How To SIUU,355744891,9408140,36138,15.0,2024-12-01T17:00:00Z
Viral,MrBeast,"Beat Ronaldo, Win $1,000,000",346387486,8202172,119054,1365.0,2024-11-30T17:00:00Z
Viral,MrBeast,Confronting Ronaldo,258065671,12956672,31365,21.0,2024-11-29T17:30:10Z
Viral,MrBeast,How Many Balloons To Make A Store Fly?,487433723,10694619,13286,22.0,2024-11-18T19:00:00Z
Viral,MrBeast,Restocking MrBeast Labs at Walmart,407315529,6411159,2776,36.0,2024-11-18T17:00:00Z
Viral,MrBeast,This Game Is Wild...,682116356,13400194,9048,19.0,2024-11-12T17:00:00Z
Viral,MrBeast,How Much Tape To Stop A Lamborghini?,747118487,13911614,20578,15.0,2024-11-08T17:00:00Z
Viral,MrBeast,"$1 vs $500,000 Experiences!",269865890,5096932,56180,1060.0,2024-11-02T16:00:00Z
Viral,MrBeast,1 Subscriber = 1 Penny,409017875,17437522,29977,17.0,2024-10-19T18:00:00Z
Viral,MrBeast,Human vs Jet Engine,556128550,13579187,19797,19.0,2024-10-17T19:00:00Z
Viral,MrBeast,7 Days Exploring An Underground City,173517576,3722695,34235,1235.0,2024-10-12T16:00:00Z
Viral,MrBeast,Will A Basketball Boat Hold My Weight?,380434801,10049677,7242,30.0,2024-10-11T16:00:01Z
Viral,MrBeast,"Find The Real MrBeast, Win $10,000",362761031,10632194,10571,37.0,2024-10-05T16:00:00Z
Viral,MrBeast,"Spot The Difference, Win $10,000",275015295,8425802,7334,58.0,2024-09-28T20:00:00Z
Viral,MrBeast,"100 Identical Twins Fight For $250,000",191546980,3376041,28846,2140.0,2024-09-28T16:00:00Z
Viral,MrBeast,Running With Bigger And Bigger Lunchlys,338017399,8268145,10778,18.0,2024-09-20T16:00:00Z
Viral,MrBeast,Holding Bigger And Bigger Dogs,334881046,8125027,10590,17.0,2024-09-16T18:00:00Z
Viral,MrBeast,"Men Vs Women Survive In The Wilderness For $500,000",221337121,4351340,53219,1908.0,2024-09-07T16:00:00Z
Viral,MrBeast,Will A Guitar Boat Hold My Weight?,765349619,18141186,15680,20.0,2024-09-05T16:00:01Z
Viral,MrBeast,"Real Or Cake For $10,000",248939197,7948259,20167,37.0,2024-08-29T16:00:00Z
Viral,MrBeast,7 Days Stranded In A Cave,169255567,4576063,92973,1079.0,2024-08-17T16:00:00Z
Viral,MrBeast,Running With Bigger And Bigger Feastables,436341002,12197729,30842,17.0,2024-08-15T23:00:00Z
Viral,MrBeast,"Survive 100 Days In Nuclear Bunker, Win $500,000",344207547,6188804,87539,1941.0,2024-08-03T16:00:00Z
Viral,MrBeast,"Spot The Fake Animal For $10,000",626401767,17190058,29244,40.0,2024-07-19T16:00:00Z
Viral,MrBeast,This Game Is Wild,236882615,6247381,10974,21.0,2024-07-17T16:00:00Z
Viral,MrBeast,"50 YouTubers Fight For $1,000,000",441292591,9650231,349256,2487.0,2024-07-13T16:00:01Z
Viral,MrBeast,Pass The Phone To…,284693839,11463530,52573,60.0,2024-07-11T17:00:01Z
Viral,MrBeast,How Many Balloons Does It Take To Fly?,537764112,20370968,51433,18.0,2024-07-10T17:00:00Z
Viral,MrBeast,I Built 100 Houses And Gave Them Away!,241706354,7904285,291391,576.0,2024-06-29T16:00:00Z
Viral,MrBeast,World’s Deadliest Obstacle Course!,402115950,6755914,140329,1705.0,2024-06-15T16:00:01Z
Viral,MrBeast,"$10,000 Every Day You Survive In The Wilderness",356454495,8831548,339442,1570.0,2024-06-01T16:00:00Z
Viral,MrBeast,Sprinting with More and More Money,320908942,11966933,86294,29.0,2024-05-30T16:00:01Z
Viral,MrBeast,Giving 1000 Phones Away,387959673,23268666,821554,18.0,2024-05-28T16:00:00Z
Viral,MrBeast,World’s Smartest Dog,276185705,10610803,34663,12.0,2024-05-16T16:00:00Z
Viral,MrBeast,Bottle Head Smashing World Record Attempt!,523744439,12707495,51035,38.0,2024-05-14T16:00:00Z
Viral,MrBeast,"Protect The Yacht, Keep It!",170222141,4231920,79961,908.0,2024-05-11T16:00:00Z
Viral,MrBeast,Ages 1-100 Try My Chocolate,282191168,9989601,35766,39.0,2024-05-09T16:00:00Z
Viral,MrBeast,"Spot The Hidden People For $10,000",203599183,6461060,12347,35.0,2024-05-08T16:00:01Z
Viral,MrBeast,"Would You Split Or Steal $250,000?",223371294,11712889,29714,60.0,2024-05-03T16:00:00Z
Viral,MrBeast,"Buy Feastables, Win Unlimited Money",469374030,13395151,33470,51.0,2024-04-30T16:00:00Z
Viral,MrBeast,In 10 Minutes This Room Will Explode!,164065910,4155876,77092,600.0,2024-04-27T16:00:00Z
Viral,MrBeast,The World's Fastest Cleaners,712368538,26418656,43526,35.0,2024-04-25T16:00:03Z
Viral,MrBeast,"Ages 1 - 100 Decide Who Wins $250,000",310290643,6246130,215930,2402.0,2024-04-20T15:59:59Z
Viral,MrBeast,"Guess The Gift, Keep It",576524684,19504028,24961,46.0,2024-04-09T17:00:00Z
Viral,MrBeast,"I’m Giving My 250M Subscriber $25,000",344316200,10757647,59146,21.0,2024-04-06T19:45:00Z
Viral,MrBeast,"Anything You Touch, You Keep!",286944546,10677171,16357,48.0,2024-04-02T16:00:03Z
Viral,MrBeast,7 Days Stranded On An Island,464665417,7529937,149511,1346.0,2024-03-30T16:00:01Z
Viral,MrBeast,"Keep Track Of Car, Win $10,000",177648589,7900345,92166,51.0,2024-03-19T16:00:00Z
Viral,MrBeast,"Stop This Train, Win a Lamborghini",253469183,5407829,126057,1141.0,2024-03-16T16:00:00Z
Viral,MrBeast,I Survived 7 Days In An Abandoned City,333931566,6668954,200173,1044.0,2024-03-02T17:00:00Z
Viral,MrBeast,Unboxing My 200M Subscriber Play Button,247366408,14536532,53822,46.0,2024-02-29T17:00:00Z
Viral,MrBeast,I Filled Chandler’s Car With Feastables,433802458,14632463,27927,38.0,2024-02-27T18:00:01Z
Viral,MrBeast,Most Expensive Hand Model Holds Feastables,672458788,12800076,11544,22.0,2024-02-24T18:00:09Z
Viral,MrBeast,"Buy Feastables, Win $10,000",460648210,16325760,36130,41.0,2024-02-17T19:00:01Z
Viral,MrBeast,"Face Your Biggest Fear To Win $800,000",368985901,6653151,226462,1323.0,2024-02-10T17:00:00Z
Viral,MrBeast,"$1 vs $250,000,000 Private Island!",370323374,5865964,101439,1019.0,2024-01-27T17:00:00Z
Viral,MrBeast,"Protect $500,000 Keep It!",190394818,4792477,70276,934.0,2024-01-13T17:00:00Z
Viral,MrBeast,I Spent 7 Days In Solitary Confinement,274695237,5439370,83410,1216.0,2023-12-30T17:00:03Z
Viral,MrBeast,I Adopted 100 Dogs!,375638392,6608213,109538,903.0,2023-12-23T17:00:00Z
Viral,MrBeast,"Survive 100 Days Trapped, Win $500,000",438460231,6859315,97007,1628.0,2023-12-16T17:00:01Z
Viral,MrBeast,"Feeding A Dog $1 vs $10,000 Steak",571226359,15597759,30883,27.0,2023-12-14T18:00:00Z
Viral,MrBeast,Could You Walk Up A Skyscraper?,479117242,15565367,30068,50.0,2023-12-05T18:00:00Z
Viral,MrBeast,"$10,000 Every Day You Survive In A Grocery Store",495931395,7416897,87115,1292.0,2023-12-02T17:00:00Z
Viral,MrBeast,"$1 vs $10,000,000 Job!",304788923,4859388,62490,939.0,2023-11-25T17:00:00Z
Viral,MrBeast,I Spent 7 Days Buried Alive,297137191,8067909,122487,1114.0,2023-11-18T17:00:01Z
Viral,MrBeast,I Gave Away A House On Halloween,348604042,13644564,36551,48.0,2023-11-10T18:00:00Z
Viral,MrBeast,Giving Car Keys Instead Of Candy On Halloween,381101792,10761910,14714,32.0,2023-11-09T18:00:00Z
Viral,MrBeast,I Built 100 Wells In Africa,258900846,10372096,212911,630.0,2023-11-04T16:00:00Z
Viral,MrBeast,"Furthest Away From Me Wins $10,000",682104255,21837602,39715,48.0,2023-11-02T17:00:03Z
Viral,MrBeast,World’s Most Expensive Bed,534883712,21639947,37671,48.0,2023-10-31T17:00:01Z
Viral,MrBeast,"10 People Vs World's Deadliest Laser Maze for $250,000",301068509,4825255,83226,1559.0,2023-10-28T15:59:59Z
Viral,MrBeast,World’s Most Expensive Coffee,278910193,11364620,28525,33.0,2023-10-19T17:00:03Z
Viral,MrBeast,"$100,000,000 Bathroom",364303755,12710931,23222,50.0,2023-10-17T17:00:00Z
Viral,MrBeast,"$1 vs $100,000,000 House!",406103023,6410365,134498,1023.0,2023-10-14T16:00:00Z
Viral,MrBeast,I Tipped A Pizza Delivery Driver A Car,678685349,26632567,35048,52.0,2023-10-12T17:30:03Z
Viral,MrBeast,World's Most Dangerous Trap!,337323463,6696182,149465,1174.0,2023-10-07T16:00:00Z
Viral,MrBeast,I NEED 1 MORE 𝗦𝗨𝗕𝗦𝗖𝗥𝗜𝗕𝗘𝗥,471767749,30496368,81876,23.0,2023-10-05T17:00:01Z
Viral,MrBeast,"Guess The Gift, Keep It",947807186,25721768,22201,45.0,2023-10-03T17:00:00Z
Viral,MrBeast,"Spot The Hidden People For $10,000",750869738,21943243,31068,35.0,2023-09-28T17:00:01Z
Viral,MrBeast,I Paid A Random Student’s College Tuition,485309891,24730177,59624,37.0,2023-09-26T16:59:59Z
Viral,MrBeast,"$100,000,000 Car Doors",1282200140,29776593,41270,29.0,2023-09-19T17:00:00Z
Viral,MrBeast,"$1 vs $100,000,000 Car!",531291125,8005304,156048,988.0,2023-09-16T16:00:01Z
Viral,MrBeast,Extreme Home Makeover!,412732110,19966867,47560,57.0,2023-09-12T17:00:00Z
Viral,MrBeast,Katana Vs Bullet,1135651726,38089670,52782,41.0,2023-09-07T17:00:01Z
Viral,MrBeast,How Many School Buses Can We Stack?,509799111,15586057,29230,45.0,2023-09-05T16:59:57Z
Viral,MrBeast,Lamborghini Vs World's Largest Shredder,260610596,5720457,142860,899.0,2023-09-02T16:00:00Z
Viral,MrBeast,"Feeding A Cat $10 Vs $10,000 Sushi",392243201,13975759,31503,31.0,2023-08-31T17:00:00Z
Viral,MrBeast,"Make This Kick, Win Super Bowl Tickets",140029704,5203034,9124,52.0,2023-08-25T16:00:25Z
Viral,MrBeast,Metal Pipe Vs School Bus,525430394,13857687,29107,28.0,2023-08-22T17:00:00Z
Viral,MrBeast,"Every Country On Earth Fights For $250,000!",259128244,6479330,375596,1093.0,2023-08-19T16:00:01Z
